{
  "id": "GandyClientBeta",
  "time": "2021-06-13T11:13:12+01:00",
  "releaseTime": "2021-06-13T11:13:12+01:00",
  "type": "release",
  "libraries": [
    {
      "name": "optifine:OptiFine:1.8.9_HD_U_M5"
    },
    {
      "name": "gandyclient:GandyClient:1.0.0"
    },
    {
      "name": "optifine:launchwrapper-of:2.2"
    }
  ],
  "mainClass": "net.minecraft.launchwrapper.Launch",
  "minecraftArguments": "--username ${auth_player_name} --version ${version_name} --gameDir ${game_directory} --assetsDir ${assets_root} --assetIndex ${assets_index_name} --uuid ${auth_uuid} --accessToken ${auth_access_token} --userProperties ${user_properties} --userType ${user_type} --tweakClass optifine.OptiFineForgeTweaker --tweakClass GandyClient.launch.GandyClientTweaker",
  "assets": "1.8",
  "minimumLauncherVersion": 14,
  "inheritsFrom": "1.8.9"
}